{"status": "done", "progress": 100, "message": "Done", "modules": ["phonetic_normalization", "language_aware_normalization", "balanced_tokenization", "context_aware_subword_sampling"], "dataset_name": "upload_1e4fc90fb6ab4ffc86773347a0e3568c", "uploaded_filename": "upload_1e4fc90fb6ab4ffc86773347a0e3568c.csv", "batch_size": 32, "include_spac": true, "results": {"information_theory": {"entropy_before": 10.562490022171735, "entropy_after": 10.192257356262331, "entropy_delta": -0.37023266590940374, "mutual_information_mean": 0.004480991483028981, "mutual_information_top_k": [0.04576665406560787, 0.04513869555489847, 0.04290476317456693, 0.041752230434005666, 0.039697069007800234, 0.03932350397804818, 0.03898246917200354, 0.03801456877503839, 0.03793640127832476, 0.037753468297007986], "mutual_information_delta": 6.955211070041462e-05, "mutual_information_method": "tfidf", "mutual_information_error": null, "vocab_size_before": 10346, "vocab_size_after": 8949}, "fertility_entropy": {"max_fertility_entropy": 0.6931471805599453, "mean_fertility_entropy_before": 0.8664893605523631, "mean_fertility_entropy_after": 0.7899077875774481, "std_fertility_entropy_before": 0.20077471457571386, "std_fertility_entropy_after": 0.22463164739594682, "histogram_before": [90, 0, 0, 1, 5, 12, 19, 41, 51, 84], "histogram_after": [93, 0, 9, 12, 27, 45, 61, 105, 119, 180], "token_lang_dist_before": {"EN": 13887, "UNK": 15051, "HI": 23136}, "token_lang_dist_after": {"UNK": 14217, "EN": 13769, "HI": 37509}, "delta_fertility_entropy": -0.07658157297491508}, "spectral_analysis": {"top_k_eigenvalues": [0.6312751694487619, 0.36249331996510376, 0.32982837484199795, 0.2600963410378905, 0.20571999288355775, 0.19952509483767353, 0.17569728709246585, 0.1680824633089845, 0.15710700948918532, 0.15077381465710962], "all_eigenvalues": [0.6312751694487619, 0.36249331996510376, 0.32982837484199795, 0.2600963410378905, 0.20571999288355775, 0.19952509483767353, 0.17569728709246585, 0.1680824633089845, 0.15710700948918532, 0.15077381465710962, 0.142734520947162, 0.13135941143563407, 0.12209562585439235, 0.116443371255447, 0.11179980055604481, 0.10927918095949674, 0.10577163303877976, 0.10232926562874228, 0.10065067014174565, 0.09767924560189817, 0.09604778335500687, 0.08860940344925054, 0.08652095892971702, 0.0842726251348749, 0.0811546506199578, 0.07974326558118322, 0.07908139415260407, 0.07697142067938244, 0.07546542466143595, 0.07239870073638309, 0.07025290607034204, 0.06967564052658519, 0.06574382444131692, 0.06470243867965474, 0.06262356611090156, 0.06071312859956806, 0.06025509633, 0.05927454323322673, 0.05769337960646332, 0.05614231441113641, 0.05535931496078234, 0.05435367424565984, 0.05280055480601144, 0.051447975902522716, 0.05011631117619589, 0.049178880747650866, 0.04765936694088083, 0.047375680130204094, 0.04713322968994562, 0.0462011520801223, 0.044342351343874375, 0.0439033012299151, 0.043090095616495905, 0.042482504723963865, 0.041930694128913655, 0.04124905375795285, 0.04091384855220634, 0.03995117994020863, 0.03927751193426204, 0.03871093172090521, 0.03752589944330236, 0.03718689537045551, 0.03612358343195818, 0.03563707729644333, 0.03474335471340253, 0.03415858079078476, 0.03386580772841041, 0.033625156023432363, 0.03344000928224831, 0.03221684536718342, 0.031861955858970614, 0.031180709724566963, 0.030627732242046613, 0.030530456585288628, 0.029812289816320336, 0.029277309352010207, 0.028547909856717443, 0.028196029673175003, 0.027258301938766022, 0.02659575807800751, 0.026396901119446523, 0.025904815192264927, 0.025656786478028326, 0.02499113014112996, 0.024628498714704225, 0.0242980991548185, 0.024071295506755536, 0.0232888708492765, 0.023245256157778105, 0.022938318252124373, 0.022523539796156997, 0.0222177753090465, 0.021904796097072573, 0.021355209954473115, 0.021313340306229583, 0.02103975682512869, 0.02057261019652089, 0.02040890323660283, 0.020006912207835254, 0.019789260536453798, 0.01940173002231717, 0.019049106598493046, 0.018727504423836833, 0.018543681083072226, 0.018076383438772343, 0.01787840749034964, 0.017554189673836613, 0.017346402193815863, 0.01700571067099795, 0.01683935627190396, 0.016535937804358476, 0.01611691988932895, 0.01595045878722554, 0.015647028283172826, 0.015192783683410085, 0.01483752179810991, 0.014704167310444816, 0.014537398323424704, 0.014282637912721554, 0.014014229868737021, 0.01378201429718206, 0.013564301206656163, 0.013344815990879616, 0.013085602263837948, 0.012895690942452175, 0.012530799203245608, 0.012449218735640494, 0.012183179714300288, 0.011822748160770596, 0.011706130695980246, 0.011514136698589366, 0.011358216293111309, 0.011245026287857313, 0.01104921641923092, 0.010793819503414983, 0.010620511825380744, 0.010448734857727437, 0.010150134906602465, 0.010002899148018699, 0.009811257790106175, 0.00973144434428647, 0.00935728464338724, 0.009237990308583858, 0.009100800314461996, 0.008953187092007141, 0.008729796606061825, 0.008669239910152527, 0.008540220736484328, 0.008228438863395747, 0.007926171843765994, 0.0077304827643816364, 0.007684079478277547, 0.00758311425464906, 0.007432595618929257, 0.007375957797913968, 0.007211691441229264, 0.007128774649362775, 0.007066780578346548, 0.006838965090145701, 0.0066699657179265575, 0.006593565557729906, 0.006357299799154552, 0.006184932856835466, 0.006031062784894301, 0.005982880218401206, 0.0058238839719799386, 0.005712216683124531, 0.005656628725491791, 0.0054272272559331555, 0.005313549486295479, 0.005233685179242004, 0.0051581192956525355, 0.0050701449160757105, 0.004985937312540775, 0.004888319205324391, 0.004648258084995059, 0.0045958512132267615, 0.004537657858245037, 0.004509209200436338, 0.0044696419767960875, 0.004382439893969245, 0.004173082703676092, 0.004017264713406605, 0.0039655187886954765, 0.003945696092744452, 0.0038667730558898205, 0.0037406154633635646, 0.0037114170128862236, 0.003582701584344662, 0.003556435172244658, 0.003438964196800504, 0.0033437662345907177, 0.0032804298215992167, 0.0031996671113228557, 0.0031329436497791064, 0.0030903137788368634, 0.0029731937874639867, 0.0029424568001304896, 0.0029067177440308526, 0.002832857281455896, 0.002789344502867277, 0.0027190688150230753, 0.0026369177144975335, 0.00260252732879235, 0.0025909890014105164, 0.0024886751142563688, 0.0024319618184231763, 0.002378254705361807, 0.002333816525960717, 0.0022696386463463454, 0.002237081088545495, 0.002206714720841308, 0.0021335121950910615, 0.0021120391617527106, 0.0020652429007572397, 0.0020160577674199504, 0.0019910690108182675, 0.0019560787869911957, 0.0019198037255082037, 0.0019124692173489368, 0.00186494537678421, 0.0018278302468049195, 0.001821866316121281, 0.0018075057910186387, 0.0017309786613500177, 0.0017128403715745348, 0.001677398364220298, 0.0016319129155459783, 0.001611943401953058, 0.001600794648323419, 0.0015497162505190567, 0.0015027895828484733, 0.0014901392924347538, 0.0014629586828954853, 0.0014363812215248772, 0.0014096815391992, 0.0014020124530912494, 0.0013860468210238224, 0.0013686041205991548, 0.0013548064702143896, 0.0013255518449026334, 0.0013069572075591488, 0.0012898557007291064, 0.001257849604597854, 0.0012399367611970764, 0.0012277079346620027, 0.0012065730342309304, 0.0011965321014296456, 0.0011778552181449093, 0.0011643642260146714, 0.0011527294123287806, 0.0011367147738400426, 0.0011217184115073103, 0.001081698296211105, 0.0010538637366233937, 0.001044675170354559, 0.0010306997156057888, 0.0010091549361859714, 0.0009971348966609664, 0.0009858046296081888, 0.0009662244621179585, 0.0009493524262584656, 0.0009351938341837274, 0.0009289031648400606, 0.0009005777297459666, 0.0008900564571806169, 0.0008706812464147672, 0.0008509302333207121, 0.0008455139145305895, 0.000842830988506736, 0.0008316647683266312, 0.0008097535756085505, 0.0008011050112188074, 0.0007896155247323634, 0.0007775297379011714, 0.0007724290443894506, 0.0007504778018708792, 0.0007390459035960621, 0.0007318925199471819, 0.0007233715700433659, 0.000707080320919039, 