{"status": "done", "progress": 100, "message": "Done", "modules": ["phonetic_normalization", "language_aware_normalization", "balanced_tokenization", "context_aware_subword_sampling"], "dataset_name": "upload_1f049d27049f4dcd890c83fcaf4ec581", "uploaded_filename": "upload_1f049d27049f4dcd890c83fcaf4ec581.csv", "batch_size": 32, "include_spac": true, "results": {"information_theory": {"entropy_before": 9.005958283861261, "entropy_after": 9.065263844992174, "entropy_delta": 0.059305561130912565, "mutual_information_mean": 0.021150879122791403, "mutual_information_top_k": [0.19308649126670607, 0.18774958852904589, 0.15358981945564465, 0.152999860145538, 0.1521940911192352, 0.14837666700718555, 0.14102882203216116, 0.13719313481804596, 0.13690433337126517, 0.1272195559737297], "mutual_information_delta": 3.9085452405992344e-05, "mutual_information_method": "tfidf", "mutual_information_error": null, "vocab_size_before": 980, "vocab_size_after": 1049}, "fertility_entropy": {"max_fertility_entropy": 0.6931471805599453, "mean_fertility_entropy_before": 0.8703349735006771, "mean_fertility_entropy_after": 0.799570753407539, "std_fertility_entropy_before": 0.19052770247104472, "std_fertility_entropy_after": 0.2199268319497758, "histogram_before": [2, 0, 0, 0, 0, 2, 1, 3, 2, 3], "histogram_after": [2, 0, 2, 0, 2, 3, 1, 1, 3, 9], "token_lang_dist_before": {"EN": 496, "UNK": 515, "HI": 776}, "token_lang_dist_after": {"UNK": 492, "EN": 486, "HI": 1274}, "delta_fertility_entropy": -0.0707642200931381}, "spectral_analysis": {"top_k_eigenvalues": [0.750405165198643, 0.4874371686199035, 0.4423835920083009, 0.39605360733273576, 0.3334885775594859, 0.3059724457583137, 0.2686582877628949, 0.2654153919063749, 0.2454803450380842, 0.23145320138770736], "all_eigenvalues": [0.750405165198643, 0.4874371686199035, 0.4423835920083009, 0.39605360733273576, 0.3334885775594859, 0.3059724457583137, 0.2686582877628949, 0.2654153919063749, 0.2454803450380842, 0.23145320138770736, 0.22577377157468514, 0.20540927175074838, 0.19369087092198448, 0.17865245519557046, 0.17740336480178567, 0.1666131524543944, 0.15681088801548518, 0.15505475416205464, 0.1503931871782786, 0.14047544810963244, 0.1337462153325169, 0.12862074193129008, 0.12390301718882982, 0.11805373725047845, 0.11499445394330479, 0.11164548291398516, 0.10657248813708722, 0.10264174662915433, 0.10124947657592744, 0.09678212474335174, 0.0933255003479868, 0.08984950010784858, 0.08662736082784815, 0.08341346286131329, 0.08222657232997928, 0.07543007957785325, 0.07037150134803036, 0.0672074400227081, 0.06575862119702514, 0.06282400258417399, 0.060982211920567526, 0.05842455179013293, 0.055927923207445135, 0.053223304661145145, 0.04965238186775189, 0.0487406784783379, 0.047693247739958554, 0.0465321676153241, 0.04507083187330958, 0.04077754638666011, 0.03911920400909474, 0.03819040324855134, 0.03565625706297408, 0.035285039644574266, 0.03452101007112423, 0.03389128186430011, 0.03226589879726651, 0.030418864835852072, 0.02862289734415216, 0.0276538836067407, 0.026621919462060925, 0.0253048882447474, 0.024746594094409886, 0.023726734299662267, 0.022907753157700887, 0.02150786952164674, 0.021383045762246304, 0.020199289227752784, 0.019134402843543896, 0.018231619809777833, 0.017648850893357736, 0.01732470466234106, 0.01659297179482122, 0.01584844888490561, 0.014908449817706901, 0.014452722161891198, 0.01324081187695599, 0.01281123235298976, 0.01211014619559777, 0.011687774249603555, 0.011038355693759229, 0.010744821882165934, 0.009924925433675366, 0.009858747033283473, 0.00919015703222404, 0.008839984488598598, 0.008459040963721532, 0.0074122130308333, 0.007159847516516998, 0.006808687398918922, 0.005981704268774631, 0.005910421698010637, 0.005489389879883417, 0.004702348770903711, 0.004606730137296532, 0.004037577015029528, 0.0034719324817492603, 0.0029187927577978626, 0.002467758101096406, 0.00186816549880109, 1.5302177439163185e-16, 1.214017015668562e-16, 1.0339738472979615e-16, 1.0125493423024817e-16, 9.895338168001923e-17, 9.562198127966514e-17, 9.403988332822349e-17, 8.555869786555721e-17, 8.481840532127143e-17, 8.341145304498761e-17, 8.018820801617873e-17, 7.71139726622651e-17, 7.434310879680352e-17, 7.118505912546065e-17, 6.953392391339462e-17, 6.911259006283539e-17, 6.506937554150941e-17, 6.370090232975889e-17, 6.248730211614489e-17, 6.212141118142605e-17, 6.109455451473858e-17, 6.027288887981918e-17, 6.021375598701765e-17, 5.887026414310587e-17, 5.865417754852698e-17, 5.775939251715412e-17, 5.73075883920118e-17, 5.5229922612591185e-17, 5.493194826439449e-17, 5.25248207530882e-17, 5.2340227470426917e-17, 5.2238626855776156e-17, 5.1886943154767055e-17, 5.1312302812067557e-17, 5.067834696187745e-17, 4.938178576218801e-17, 4.9167070274449593e-17, 4.858916511114355e-17, 4.770149492565114e-17, 4.702828975882457e-17, 4.650115548107982e-17, 4.649999670123883e-17, 4.529137519747158e-17, 4.48747391387301e-17, 4.467455413064946e-17, 4.418209518349505e-17, 4.356475370256847e-17, 4.310129219945363e-17, 4.307555797545548e-17, 4.2636968351010903e-17, 4.2285011476801206e-17, 4.2282595224498943e-17, 4.1862676007242474e-17, 4.1381020640777164e-17, 4.1164849165225173e-17, 4.040209215553727e-17, 3.9968940796973057e-17, 3.972688123726254e-17, 3.896666376873254e-17, 3.865456625175809e-17, 3.8287122881013145e-17, 3.806030502844104e-17, 3.783352724997568e-17, 3.713202001203283e-17, 3.682204645063996e-17, 3.635790335683229e-17, 3.620792131147835e-17, 3.600798568656355e-17, 3.582063891310804e-17, 3.5783837304288883e-17, 3.5062095522794234e-17, 3.496983881714394e-17, 3.464996712120353e-17, 3.456488672440879e-17, 3.394793390219253e-17, 3.392120570294317e-17, 3.3658672272553214e-17, 3.3478806259248565e-17, 3.3350734011574517e-17, 3.3219583789181145e-17, 3.2761156171261694e-17, 3.260936316409701e-17, 3.254435824635738e-17, 3.2355327648289506e-17, 3.178406024433228e-17, 3.1756078079999326e-17, 3.1638092527902275e-17, 3.148137351179746e-17, 3.0771307320474114e-17, 3.0397273804681856e-17, 3.0248709792249896e-17, 3.018222301425489e-17, 3.015686848107572e-17, 2.997933866739113e-17, 2.969293518830481e-17, 2.952444451586284e-17, 2.9068763804959e-17, 2.9029289174093415e-17, 2.8790739641306503e-17, 2.8521481215186025e-17, 2.8474507047515035e-17, 2.793427119665629e-17, 2.7549827326806925e-17, 2.753083136709193e-17, 2.737772677717182e-17, 2.7120213509039357e-17, 2.700212167057296e-17, 2.6969304159822016e-17, 2.692780727780108e-17, 2.6545051050759135e-17, 2.642067231080876e-17, 2.6249846657596663e-17, 2.5870453939904168e-17, 2.5589632045585946e-17, 2.5250776863335625e-17, 2.523109564143266e-17, 2.522852713695602e-17, 2.5016996430954892e-17, 2.4937178041398704e-17, 2.4651401918598645e-17, 2.4558129833930798e-17, 2.437006938890301e-17, 2.4176202971111183e-17, 2.3901706094813824e-17, 2.389368398042905e-17, 2.3428794450239505e-17, 2.3290257367304377e-17, 2.3229123012820412e-17, 2.3104979370977884e-17, 2.2858762275541833e-17, 2.257571177256516e-17, 2.239756201019007e-17, 2.23420571296027e-17, 2.2320431142912207e-17, 2.2082042141316864e-17, 2.1896125800887703e-17, 2.171541330045041e-17, 2.1308443978812188e-17, 2.122071411884984e-17, 2.108963879686493e-17, 2.0697191518931572e-17, 2.062945974172239e-17, 2.0406206849638495e-17, 2.0109884819863188e-17, 2.0107590233970707e-17, 1.9920869533407324e-17, 1.976999493736344e-17, 1.9762537650021193e-17, 1.965798737048942e-17, 1.946567851871742e-17, 1.9259967868336916e-17, 1.911024569231179e-17, 1.9082998027184434e-17, 1.889919929644928e-17, 1.8766108475661836e-17, 1.8411514239500698e-17, 1.837809344177328e-17, 1.8052215637184302e-17, 1.7977080481405877e-17, 1.77814420658492e-17, 1.7621972192377665e-17, 1.7438871895342642e-17, 1.7427442779277045e-17, 1.7012351611702644e-17, 1.6969579736347608e-17, 1.6756945241028258e-17, 1.674488551484705e-17, 1.6415877430429127e-17, 1.620110162501809e-17, 1.6037620556526193e-17, 1.5892332465049533e-17, 1.5849697559911684e-17, 1.563222457375599e-17, 1.532452459886114e-17, 1.5153629596723982e-17, 