{"status": "done", "progress": 100, "message": "Done", "modules": ["phonetic_normalization", "language_aware_normalization", "switch_point_encoding"], "dataset_name": "upload_8f2272cc74e5482bb01bf9e887920ae8", "uploaded_filename": "upload_8f2272cc74e5482bb01bf9e887920ae8.csv", "batch_size": 32, "include_spac": true, "results": {"information_theory": {"entropy_before": 10.562490022171735, "entropy_after": 9.074810330587026, "entropy_delta": -1.4876796915847095, "mutual_information_mean": 0.004515706626055287, "mutual_information_top_k": [0.04362634264032428, 0.04166319233266358, 0.041119017698171056, 0.04066391045666262, 0.040551342754671094, 0.03885654135529637, 0.03867843769459056, 0.03573511150361641, 0.03558545634676924, 0.03550176831597618], "mutual_information_delta": 3.483696767410827e-05, "mutual_information_method": "tfidf", "mutual_information_error": null, "vocab_size_before": 10346, "vocab_size_after": 10454}, "fertility_entropy": {"max_fertility_entropy": 0.6931471805599453, "mean_fertility_entropy_before": 0.8664893605523631, "mean_fertility_entropy_after": 0.8671852406926484, "std_fertility_entropy_before": 0.20077471457571386, "std_fertility_entropy_after": 0.20617248804561064, "histogram_before": [90, 0, 0, 1, 5, 12, 19, 41, 51, 84], "histogram_after": [101, 0, 0, 2, 6, 12, 13, 33, 44, 76], "token_lang_dist_before": {"EN": 13887, "UNK": 15051, "HI": 23136}, "token_lang_dist_after": {"UNK": 32468, "EN": 13769, "HI": 22382}, "delta_fertility_entropy": 0.00069588014028521}, "spectral_analysis": {"top_k_eigenvalues": [0.48091957433705695, 0.3142108818767252, 0.2425749727114454, 0.21051331066888437, 0.1843885765331017, 0.15582920255363192, 0.1494278370693679, 0.13148371104772688, 0.11714847809607778, 0.11259363804722337], "all_eigenvalues": [0.48091957433705695, 0.3142108818767252, 0.2425749727114454, 0.21051331066888437, 0.1843885765331017, 0.15582920255363192, 0.1494278370693679, 0.13148371104772688, 0.11714847809607778, 0.11259363804722337, 0.10663918400623415, 0.10138579453742946, 0.09531736272825672, 0.08878134947549049, 0.08565346807332047, 0.0821753528329916, 0.0787652554404373, 0.07625392133008843, 0.07189316003420695, 0.07059216648551066, 0.06779354267276275, 0.06699858548125309, 0.0640616880019231, 0.06203890260457977, 0.05914224581578024, 0.057440369436968876, 0.055797032331581765, 0.055132124435654614, 0.05306920533950844, 0.05152676968043292, 0.0497979251456111, 0.047931934017631364, 0.04686937577040605, 0.046697339109611914, 0.0452910766727961, 0.04426052488001148, 0.04322162282780376, 0.042155356363885094, 0.041057199208898665, 0.04034669197889876, 0.039943269190268464, 0.03875514478406104, 0.03770052180127661, 0.03729835230792391, 0.035988673056526393, 0.03463177956415328, 0.034493709185151065, 0.034014345840011555, 0.0331677231889258, 0.03232829391897417, 0.03184692517059637, 0.03128997353264414, 0.030889070768098353, 0.029929501573926216, 0.029362877800806993, 0.028955928544152423, 0.02842464581066128, 0.028201221148794958, 0.02774095427543585, 0.02710542845812781, 0.026088038318847883, 0.025930894599112745, 0.025688241332488836, 0.025354533131794463, 0.024963971329595006, 0.024183439115594268, 0.024033773887459677, 0.023894551662338986, 0.023144422423073966, 0.022934334460841324, 0.022562028230839186, 0.022179177274517056, 0.02176196547311452, 0.021464129694677, 0.02072347063260964, 0.02065281608007631, 0.020444158536216464, 0.01998757693275841, 0.01967152607550739, 0.019530431664747137, 0.01888525052822656, 0.018506743488191923, 0.018106591521081485, 0.017816887696114937, 0.017657714085956778, 0.017232218023936253, 0.016864787598873186, 0.016740593737583073, 0.016354139116462146, 0.01597814168145239, 0.015894474397883735, 0.01563967856646906, 0.015472200224560003, 0.015245611687516529, 0.01487242648912699, 0.014688694228096787, 0.014374716127032849, 0.014249832188873098, 0.014152558746474942, 0.013877709585439027, 0.013642115086434278, 0.013297078415045243, 0.013182888267431614, 0.012908730548880433, 0.012782523366602943, 0.012595776181880505, 0.012429521644597088, 0.012258848013046128, 0.01213318920006574, 0.011987660860482297, 0.011833065331272298, 0.011498053102215012, 0.01126366087070437, 0.011091350339876054, 0.010970960529786931, 0.010765647319776413, 0.010670393750124609, 0.010436872877158972, 0.010145084032751328, 0.009925722154711434, 0.00971629543086017, 0.009633665300897864, 0.009475677424889707, 0.009143162818998402, 0.009080670339487756, 0.00890633554671095, 0.008682893685024156, 0.0086048162211584, 0.008554211161549415, 0.008366209392069389, 0.008236357502796571, 0.008064554620027881, 0.007868894058959092, 0.007765219358800783, 0.007590671053510552, 0.00752763626831369, 0.007344232226197406, 0.007209438224937963, 0.007111511669614071, 0.006991588957134918, 0.006800871962601295, 0.006694425357951481, 0.006571390572584093, 0.006570266401643456, 0.006460033101765916, 0.006183220858487353, 0.0060658091622562615, 0.005980085690865114, 0.005906314717706418, 0.0057453158908813435, 0.005618267652185763, 0.005496179313229974, 0.005373241754900347, 0.00529226135201065, 0.005210147862239293, 0.005129436989136186, 0.004999335155165883, 0.004834890018067926, 0.004686513444319933, 0.004647929233407362, 0.004502301614123778, 0.0043533230830466434, 0.004284647453071986, 0.004244837322402713, 0.004063080714249386, 0.003941782389614291, 0.0038646322092029247, 0.0038029492558344018, 0.0037825124553334485, 0.003746368041893147, 0.0036438961337662327, 0.003544140081283788, 0.003468693255434518, 0.0034105894614537267, 0.003307059119129518, 0.003291785483607151, 0.0032163768388946607, 0.0031328572893978696, 0.0030832801836378756, 0.003021679508974819, 0.002898100390620955, 0.002859163126890848, 0.002838154085623966, 0.002787683672490189, 0.0027039019493856047, 0.002647714430196766, 0.0025567144852398625, 0.002525107811651401, 0.0024081577591379567, 0.0023634527145317, 0.002308739110031017, 0.002262642595768769, 0.0022455335631101215, 0.0021812994742198286, 0.0021240782701177634, 0.0020574047393477337, 0.0020440940111026494, 0.0020074149796839367, 0.0019627516090071104, 0.001927300073960568, 0.0018304525834962502, 0.0018159755721487007, 0.0017697411474970044, 0.0017176150311331024, 0.0016984274284803163, 0.0016680832594956018, 0.001640223874129152, 0.0015922352335425807, 0.0015648626690201067, 0.0014983880824451924, 0.001487731634247231, 0.0014357548795171386, 0.0014342073884422144, 0.0013791269872737565, 0.0013511242247647689, 0.0013376172045407415, 0.0013124769059356433, 0.001295243691546588, 0.0012653285477859902, 0.0012495452116196447, 0.0012067630356598616, 0.0011899347796692399, 0.0011545570297820898, 0.001134304776580622, 0.0011288875148112848, 0.0010965864459737936, 0.0010866900788665398, 0.0010779002966167653, 0.0010560368966134757, 0.0010253503242929622, 0.0010145779268058688, 0.000997014091021287, 0.000984160358331942, 0.0009569423053016333, 0.0009499891631106663, 0.0009238228554178655, 0.000916246197307752, 0.0009101682481234993, 0.0008968394163983741, 0.0008605713427434743, 0.0008526487606661981, 0.0008483292596827405, 0.0008284812081300265, 0.0008200847626808693, 0.0008016486090865252, 0.0007795456898550227, 0.0007580070434839426, 0.0007550785898296508, 0.0007470502343953447, 0.0007343986612727701, 0.0007188729589045126, 0.0007097142631245267, 0.0006875824430155904, 0.0006774936870872884, 0.0006708089231607019, 0.0006597156112311714, 0.000642684963188105, 0.0006305405427561707, 0.0006238465588058536, 0.0006213672453784306, 0.0006041489664305554, 0.0006010404736268938, 0.0005857887777923561, 0.0005715878371928277, 0.0005688222922178678, 0.0005600692119064448, 0.0005572268029412608, 0.0005321047115567299, 0.0005275419986225412, 0.000521515083551562, 0.0005182353904227276, 0.000502937744916439, 0.0005005247770297809, 0.0004896745174720325, 0.0004855700237053256, 0.0004778248224819632, 0.00047296327790573306, 0.00046111626370214006, 0.0004582557864292646, 0.0004482751767111588, 0.0004461902354403415, 