{"status": "done", "progress": 100, "message": "Done", "modules": ["phonetic_normalization", "language_aware_normalization", "balanced_tokenization"], "dataset_name": "upload_c6c0d52c011c46cdb9314e19b96979af", "uploaded_filename": "upload_c6c0d52c011c46cdb9314e19b96979af.csv", "batch_size": 32, "include_spac": true, "results": {"information_theory": {"entropy_before": 10.562490022171735, "entropy_after": 10.647301462525586, "entropy_delta": 0.08481144035385135, "mutual_information_mean": 0.004470703389559012, "mutual_information_top_k": [0.048060326838537115, 0.041928268568714344, 0.041420852171015765, 0.036633001819473154, 0.03597439253784929, 0.03545741506368061, 0.03481156016784115, 0.03475430075219599, 0.033879891561525266, 0.033665299705320395], "mutual_information_delta": 7.984020417038315e-05, "mutual_information_method": "tfidf", "mutual_information_error": null, "vocab_size_before": 10346, "vocab_size_after": 10445}, "fertility_entropy": {"max_fertility_entropy": 0.6931471805599453, "mean_fertility_entropy_before": 0.8664893605523631, "mean_fertility_entropy_after": 0.8649994785218128, "std_fertility_entropy_before": 0.20077471457571386, "std_fertility_entropy_after": 0.20323173105462866, "histogram_before": [90, 0, 0, 1, 5, 12, 19, 41, 51, 84], "histogram_after": [93, 0, 0, 3, 6, 12, 19, 36, 56, 91], "token_lang_dist_before": {"EN": 13887, "UNK": 15051, "HI": 23136}, "token_lang_dist_after": {"UNK": 14217, "EN": 13769, "HI": 23702}, "delta_fertility_entropy": -0.001489882030550338}, "spectral_analysis": {"top_k_eigenvalues": [0.590780869513015, 0.3827156679561104, 0.3550833337920039, 0.28676010135336727, 0.22507621911141315, 0.2154936844534582, 0.18655013246635424, 0.17414969503306094, 0.16908862371215175, 0.1611995561336088], "all_eigenvalues": [0.590780869513015, 0.3827156679561104, 0.3550833337920039, 0.28676010135336727, 0.22507621911141315, 0.2154936844534582, 0.18655013246635424, 0.17414969503306094, 0.16908862371215175, 0.1611995561336088, 0.14743387985811024, 0.14076023331229848, 0.12907026478850703, 0.12286796293105796, 0.11934744765045001, 0.11786419950745665, 0.11308037447729906, 0.10922845875044689, 0.107071746819385, 0.10629288698355234, 0.10224211181668214, 0.09552249268050267, 0.09277978409330165, 0.08929236895789036, 0.08827912547577575, 0.08677342103717782, 0.08447154329582972, 0.08093193713993944, 0.07931803714000021, 0.07731880896780884, 0.07420916441993149, 0.07377183270161018, 0.06855966627673678, 0.06782790180148644, 0.06751478570944369, 0.06616215685787669, 0.06407455651716601, 0.06371706458050976, 0.061278031739757516, 0.05969397872297818, 0.05930296306039812, 0.05839473026931862, 0.05689017981200396, 0.05583388517824429, 0.053871153539463784, 0.05289031011484253, 0.05222359252313795, 0.051229622707162976, 0.05020704133237958, 0.049505117436994275, 0.04725521202182955, 0.046358244091460894, 0.04629832455818897, 0.045659094753042036, 0.04496372294507825, 0.04399837806271905, 0.043358380829732736, 0.042525253598242926, 0.04193538663486049, 0.041025887551162564, 0.040335777837167304, 0.03994567640073387, 0.039510449126828766, 0.038615473381179835, 0.037565783789171296, 0.037084508352350616, 0.03686255463257866, 0.0360658747924386, 0.0353385187350651, 0.03480863085037103, 0.03430591322111271, 0.03340726489104117, 0.03300552422400606, 0.032382372070598964, 0.03171986722562423, 0.031239861645819465, 0.030452551379352627, 0.029627370633670047, 0.029444845768197333, 0.02895651381649626, 0.027988138258236154, 0.0275179270710005, 0.027425373964298137, 0.02676129457509503, 0.026192663833143594, 0.026022918192628718, 0.025720957855040052, 0.025693673877347212, 0.02524560693129547, 0.024707119569236928, 0.024626999431348207, 0.024386383149651577, 0.023417652687854847, 0.023344137105660807, 0.022995876167990842, 0.02267753268867599, 0.02241162802005863, 0.02205594429846569, 0.021703135234431754, 0.02120807896273607, 0.02085621643415322, 0.020688204666217954, 0.020502013618265605, 0.020032916376147587, 0.019803284793668934, 0.0196053818161828, 0.019341380117055627, 0.01886927206962491, 0.018465718571876736, 0.018179279476740792, 0.017882936535152015, 0.017463596693812772, 0.017233950472535346, 0.017051873356726734, 0.016648538456917543, 0.016271256017790135, 0.01592620112129672, 0.015478834687885686, 0.01544696307976616, 0.015163872046861765, 0.01496785773784931, 0.01484899130599189, 0.014308612687953214, 0.014062871371194987, 0.013932751733274303, 0.013863697253862967, 0.013597924736834176, 0.013278483721434146, 0.012987232439315512, 0.012895595203204173, 0.01281713188698399, 0.012504657841811064, 0.01226561152861305, 0.012091565070025031, 0.011893968368262679, 0.011576053551510394, 0.011218075133259522, 0.011075100468153814, 0.010957026451792968, 0.010748381745316105, 0.010611674166744595, 0.01041645180964152, 0.009972344265245146, 0.009557181308865759, 0.00944593640568497, 0.009426473688138837, 0.009276552170865267, 0.009105011713500904, 0.008757570118012996, 0.008692514290651236, 0.008535905524480289, 0.008277502449603609, 0.0080201151705886, 0.008012152911477723, 0.007854704226718315, 0.007745479056692449, 0.007717727301468607, 0.007515471267624026, 0.007293039251025169, 0.0072709459347030094, 0.007001551487536694, 0.006859948034254685, 0.006699500371435412, 0.006670814228327813, 0.00637819174722462, 0.006290310336762313, 0.0060784828564612635, 0.006011416464056833, 0.005828465947769007, 0.005815719270972254, 0.005726017210806675, 0.005574000831350363, 0.005520881131680152, 0.005344528533426566, 0.005178398566128353, 0.005136323820436771, 0.004976994515793859, 0.004946570514086725, 0.004757544341844406, 0.004719329059653726, 0.004625634671427096, 0.004481538848942029, 0.004326168715517287, 0.004282127197850114, 0.004139283411054327, 0.004112787244209659, 0.0040923083485050376, 0.003989799258112452, 0.0038442125734055223, 0.003776929596116678, 0.003720739411724569, 0.003656705391645568, 0.0035250386358748045, 0.003434402267058058, 0.00342489600825194, 0.0032941613875652493, 0.0032434230505716615, 0.0032391302978674492, 0.003135775988340787, 0.003101145998887003, 0.002966787350207494, 0.002907458945355578, 0.0028764268523429524, 0.0028285237171974203, 0.002759579893540532, 0.0026826940911844335, 0.002669256067908315, 0.002601872921326469, 0.0025398681461246595, 0.00251034128374001, 0.002458486630092983, 0.002364980180491517, 0.0023162042813335945, 0.0022900788333277216, 0.0022666376425643842, 0.0022336519109852626, 0.0022016296888406088, 0.002135126307324392, 0.002068032723120124, 0.0020632760904622594, 0.00202266801142536, 0.00199652492877652, 0.0019745941848618993, 0.0019536977084256228, 0.0018781262286196925, 0.0018403781429666198, 0.0018230406034643138, 0.0017663455505821978, 0.0017585383534252472, 0.0017331648316876672, 0.001694222333990296, 0.0016514533398837626, 0.0016224184439845096, 0.001579411987617935, 0.0015670013761421497, 0.001543886933811888, 0.001501644776875726, 0.001497555886236622, 0.0014843199329098848, 0.0014548385924869746, 0.001439951471782324, 0.0014231580982193908, 0.0014086274481341177, 0.0013709478623273473, 0.0013338070232603739, 0.0013222421089385233, 0.001294766422307991, 0.0012923461123934817, 0.0012678679444546109, 0.0012538974326389636, 0.001229045254210199, 0.0012181685201336817, 0.001184914804562507, 0.0011717366783902973, 0.0011501824436225363, 0.001143273736349687, 0.0011181854375115867, 0.0010709654976176067, 0.0010541774479036815, 0.001044300082786997, 0.001026473806628657, 0.0010013266797178986, 0.0009999551714137004, 0.000984244134350621, 0.0009644870578113548, 0.000962987974348504, 0.0009587675919917428, 0.0009391622442771709, 0.0009245476401567645, 0.0009076380134440352, 0.0008948313458284956, 0.000879927761519918, 0.0008669962683767525, 0.0008612794453147665, 0.00084285770676375, 0.0008280970290625907, 0.0008198388381248813, 0.0008039881035687813, 0.000790886404816213, 0.0007844332790679716, 0.0007559596081586099, 0.000743954400490055, 0.0007398142493275454, 0.0007299675865258514, 