{"status": "done", "progress": 100, "message": "Done", "modules": ["phonetic_normalization", "language_aware_normalization", "balanced_tokenization", "switch_point_encoding"], "dataset_name": "upload_c8ac043338c148edb05267e9737102a1", "uploaded_filename": "upload_c8ac043338c148edb05267e9737102a1.csv", "batch_size": 32, "include_spac": true, "results": {"information_theory": {"entropy_before": 10.562490022171735, "entropy_after": 9.036561251460578, "entropy_delta": -1.5259287707111575, "mutual_information_mean": 0.004439522731178113, "mutual_information_top_k": [0.06399547807153771, 0.043621971531848436, 0.03982204249509236, 0.038606494286395954, 0.03722394276844576, 0.03717515027175167, 0.03643693468354248, 0.03418221737378557, 0.033480348460253495, 0.033144811107408856], "mutual_information_delta": 0.000111020862551282, "mutual_information_method": "tfidf", "mutual_information_error": null, "vocab_size_before": 10346, "vocab_size_after": 8951}, "fertility_entropy": {"max_fertility_entropy": 0.6931471805599453, "mean_fertility_entropy_before": 0.8664893605523631, "mean_fertility_entropy_after": 0.7899077875774481, "std_fertility_entropy_before": 0.20077471457571386, "std_fertility_entropy_after": 0.22463164739594682, "histogram_before": [90, 0, 0, 1, 5, 12, 19, 41, 51, 84], "histogram_after": [93, 0, 9, 12, 27, 45, 61, 105, 119, 180], "token_lang_dist_before": {"EN": 13887, "UNK": 15051, "HI": 23136}, "token_lang_dist_after": {"UNK": 31148, "EN": 13769, "HI": 37509}, "delta_fertility_entropy": -0.07658157297491508}, "spectral_analysis": {"top_k_eigenvalues": [0.4845106313118548, 0.3701034611588771, 0.24927088969891378, 0.23111536643646094, 0.21810537026085347, 0.17388571822398646, 0.15338424169785114, 0.14314812121470105, 0.12612240010929632, 0.1158945841492185], "all_eigenvalues": [0.4845106313118548, 0.3701034611588771, 0.24927088969891378, 0.23111536643646094, 0.21810537026085347, 0.17388571822398646, 0.15338424169785114, 0.14314812121470105, 0.12612240010929632, 0.1158945841492185, 0.11177941270256117, 0.10578423110325906, 0.1036646588849755, 0.09799467160702507, 0.09194204019480803, 0.08774151870103206, 0.08291971304694948, 0.07842438638360999, 0.07658419567365912, 0.07543471555505478, 0.07172391280110754, 0.07142257333962733, 0.06786419073574859, 0.06458139862048465, 0.06284108951098119, 0.06113516605326201, 0.05896042608991702, 0.05722910115989305, 0.05659163058100378, 0.05510865788406195, 0.0536842097203445, 0.05284562646900479, 0.051866818755426584, 0.051450537645125236, 0.04919377043352231, 0.04707868540634414, 0.04638336297684591, 0.04416002259997485, 0.04412706283236131, 0.04273107271007201, 0.041952317809304966, 0.040698087136227135, 0.039824380536136905, 0.03933793063750821, 0.03851047031670673, 0.03782821958188687, 0.03664667436627323, 0.0359834629430972, 0.035651491825848376, 0.034722876931122866, 0.03424371978848889, 0.03410340762196451, 0.03285921301090043, 0.0321369473984994, 0.03183923095128071, 0.031657088018274264, 0.030618350390702043, 0.03041535351670582, 0.029351181403919117, 0.02864724835105881, 0.02846145305902641, 0.027721726640327436, 0.027280676936148777, 0.026811653311111804, 0.026307530581843323, 0.025891243807379057, 0.025632017608832103, 0.02483291523330961, 0.024597373830392094, 0.024083874428804497, 0.023922281671300435, 0.02362429646942085, 0.023109198107406026, 0.023052318853527574, 0.022671684597234936, 0.021986679570765284, 0.021694578132165073, 0.02166894922352573, 0.021380120341768737, 0.020743630580328926, 0.02014999140411001, 0.020120210717602807, 0.019429375607147366, 0.019350986999277193, 0.01879072719623002, 0.018542466662857034, 0.018386482436725242, 0.018122663118283287, 0.017514499466349955, 0.017319142918413615, 0.01708566711310949, 0.016973991902413863, 0.016605124998901398, 0.0164687811267823, 0.01603896265370227, 0.015535141124195727, 0.015208973426717811, 0.015054668371453054, 0.014747957634010532, 0.01463247691976742, 0.01461439245366865, 0.014386007814682394, 0.014243612531543142, 0.013977524012931909, 0.013789905607098328, 0.013575202061876354, 0.013452765099015869, 0.013187088750565679, 0.012830866634725022, 0.012493646479921832, 0.01235348296351636, 0.012262200230559687, 0.01210925373404504, 0.011755778052743353, 0.01160084805213879, 0.011445517953178636, 0.011308412334353715, 0.010988593010776888, 0.010825919696354453, 0.010531816927846844, 0.01036327141833028, 0.010177027639336598, 0.010105148242132092, 0.009944405124025108, 0.009593198576568035, 0.009366574257288806, 0.009348676482163304, 0.009154189275828707, 0.00905826721857934, 0.008883987804442743, 0.008797126980318235, 0.008684596279334503, 0.008617563996052471, 0.008311784138710667, 0.008207698433164412, 0.00815477125232209, 0.00774386435747398, 0.007653537777801329, 0.007524656200793634, 0.007471776106541498, 0.007352291526160379, 0.007235617961150677, 0.0070403307787239725, 0.0069003055618085014, 0.006772355823517342, 0.0066257727028474125, 0.006489298643064735, 0.006403648858024818, 0.006350678244832812, 0.006091914854269394, 0.005874613850085297, 0.005814589619057692, 0.005717539828607972, 0.005625279351392185, 0.005490690180922362, 0.005384083647248151, 0.005332258625385995, 0.005219862970331898, 0.005065155997364905, 0.004973797911026264, 0.004841242467957386, 0.004809616362822251, 0.004679728777191655, 0.004397597586450706, 0.004325674363180234, 0.004256761899421851, 0.00412019106759918, 0.004058694279502334, 0.004027089692933256, 0.0039979557907135, 0.003919249323063359, 0.003762326144672717, 0.003713161045516791, 0.0036572667804447806, 0.0034839569849308056, 0.0034286550789189843, 0.003396774745726937, 0.003338138264491348, 0.003258199529039171, 0.0031848661212698567, 0.0031595382563430596, 0.003115858058254383, 0.002982549901482348, 0.002902626697541291, 0.0028468448666420774, 0.0028050885228155112, 0.0027700254757291034, 0.0027089697005511417, 0.0026613849095873873, 0.002523238755076416, 0.002495068168855082, 0.0024330936800803413, 0.002391920940860197, 0.0023202844489998323, 0.0023176920895886617, 0.0022161736720299014, 0.0021659482471820556, 0.002143448775444791, 0.0020973808107422236, 0.002018223017527249, 0.0019678050714618586, 0.0019498584490168912, 0.001900460392348699, 0.0018890280377538578, 0.0018247536000858, 0.0017900191089985711, 0.0017106047852931076, 0.0016944809463262836, 0.001668625990235205, 0.001607076855609828, 0.0015868372909138356, 0.001561724825000659, 0.0015416019733683658, 0.001493197699063197, 0.0014605865527635242, 0.0014219771727999988, 0.0014115191252171686, 0.0013892882138279493, 0.0013856573878786346, 0.0013255993620895083, 0.0013142198623160453, 0.0012773833931737824, 0.0012510960769051827, 0.0012374566344497842, 0.0012269656305069225, 0.0012136872549655285, 0.0011932533790339908, 0.0011662570981252152, 0.0011231741055046033, 0.0011154474384993222, 0.0010942493848290413, 0.0010733718280766746, 0.0010464773560393832, 0.0010402333646273843, 0.0010169650045918253, 0.0009989928154909326, 0.0009830420076868233, 0.0009681545362630041, 0.0009541457920982258, 0.0009298833927675087, 0.0009076368401487297, 0.0009006064995300756, 0.0008900745264265907, 0.0008779493594764197, 0.0008678624022727265, 0.0008441676681952544, 0.000832452248837771, 0.0008170304567047322, 0.0008121495620286344, 0.000792075889658776, 0.00078565279460948, 0.0007790618139493228, 0.0007520431941250741, 0.0007462764805783722, 0.000742705007938095, 0.0007278209707623352, 0.0007067710727340041, 0.0006915334881001441, 0.0006837261582507093, 0.0006728024364297217, 0.0006624820898453095, 0.0006431097780476078, 0.0006348554600522106, 0.0006251349852228372, 0.000619005619718687, 0.0006106728906437129, 0.000606742829415104, 0.0005960757871234557, 0.0005777086933845831, 0.0005637936963432505, 0.0005569617365466468, 0.0005490147095119864, 0.000540651965918523, 0.0005350486130043442, 0.0005239020900643571, 0.0005209723926447069, 0.0005184399506217999, 0.0005031647706374827, 0.0004896808833129283, 0.0004849946062272115, 